Serial_No,Name,Aggregate,GRE,IELTS,TOEFL,University,CGPA,Gender,Poissan,Fees
1,Goldy,693,269,4.8,103,Université Dakar Bourguiba,6.65,F,288,"$34,799.95 "
2,Ogden,136,309,6.6,61,University of Cagayan Valley,5.42,M,291,"$62,496.08 "
3,Aleksandr,93,318,3.2,87,Bethel College Newton,9.22,M,313,"$63,608.15 "
4,Griffy,476,327,4.6,65,University of Sargodha,6.33,M,284,"$51,329.54 "
5,Erik,235,264,5.8,67,Komar University of Science and Technology,5.02,M,284,"$68,297.20 "
6,Antonio,207,272,8.5,86,Ecole Nationale Supérieure de Chimie de Toulouse,4.55,M,297,"$28,543.74 "
7,Tomaso,482,285,5.2,80,Kwangju National University of Education,5.89,M,298,"$33,956.31 "
8,Hurley,471,339,6.3,65,Carl von Ossietzky Universität Oldenburg,4.38,M,307,"$27,556.54 "
9,Norry,558,264,3.6,71,Azerbaijan Technology University,4.88,F,311,"$57,843.31 "
10,Emlyn,325,330,7.9,67,Necmettin Erbakan University,6.85,F,282,"$64,425.55 "
11,Winnie,105,304,5.8,112,Inoorero University,8.34,M,286,"$62,723.19 "
12,Lavina,31,264,7.5,80,People's University of Bangladesh,6.11,F,294,"$27,103.08 "
13,Murvyn,96,278,8.5,69,Taif University,5.46,M,310,"$58,907.14 "
14,Jena,36,301,8.2,94,Hemchandracharay North Gujarat University,5.9,F,320,"$59,596.11 "
15,Waldon,411,296,3.7,114,University of Zagreb,5,M,294,"$41,179.15 "
16,Cleo,157,321,4.2,93,National Institute of Mental Health and Neuro Sciences,6.44,F,283,"$62,421.78 "
17,Sanderson,567,315,7.5,84,City University of New York Medical School / Sophie Davis School of Biomedical Education,5.86,M,307,"$55,179.56 "
18,Patricio,548,292,3.9,72,Universidad de Almería,7.81,M,288,"$51,530.46 "
19,Hansiain,385,323,5.6,117,Internationale Fachhochschule Aalen,4.48,M,290,"$40,998.93 "
20,Herrick,153,266,4.4,65,Punjab Technical University,8.6,M,324,"$52,086.40 "
21,Kennie,235,278,8.8,71,Leading University,6.27,M,283,"$33,780.51 "
22,Stanleigh,61,282,6.5,84,Ahmedabad University,9,M,292,"$54,905.43 "
23,Northrop,600,332,7.3,78,Holar University College,8.42,M,284,"$55,366.15 "
24,Ewart,60,316,3.2,61,Nippon Veterinary and Animalscience University,4.31,M,280,"$53,459.50 "
25,Paulie,692,306,8.8,87,Tsuda College,4.65,M,301,"$68,869.96 "
26,Dael,118,335,5.1,94,University of Nevada - Reno,6.15,M,300,"$36,124.54 "
27,Collete,606,272,7.1,119,American University in Bulgaria,7.9,F,299,"$43,672.46 "
28,Drusi,340,327,8.4,78,St. Augustine's College North Carolina,9.13,F,301,"$32,040.68 "
29,Ilene,215,333,4.9,106,Punjab Institute of Computer science,6.97,F,311,"$56,212.25 "
30,Lombard,192,336,8.6,95,Sami Shamoon College of Engineering,7.5,M,301,"$48,125.27 "
31,Koenraad,541,292,5.4,89,Wartburg College,7.23,M,317,"$48,622.14 "
32,Cassie,393,287,8.2,61,St. Louis Christian College,6.36,F,306,"$59,717.79 "
33,Chandler,492,307,4.4,61,Universidade Salgado de Oliveira,6.48,M,323,"$49,847.98 "
34,Shelton,456,307,3.2,66,Ecole Nationale Supérieure de Chimie de Rennes,7.33,M,301,"$49,742.23 "
35,Willie,199,303,4.3,96,Universidad Nacional Hermilio Valdizan,5.81,M,261,"$26,745.45 "
36,Amalita,262,265,7.4,119,Martin Methodist College,5.49,F,311,"$54,784.57 "
37,Shurwood,71,322,4.8,65,Tokyo University of Agriculture,4.75,M,295,"$28,955.31 "
38,Waylin,582,301,5.4,95,United States Naval Academy,6.95,M,292,"$51,888.32 "
39,Mitzi,107,266,4.5,111,Sterlitamak State Pedagogical Institute,8.29,F,287,"$53,792.06 "
40,Ximenes,331,292,3.4,81,Academy of Sports and Physical Training,7.07,M,312,"$40,623.51 "
41,Kala,219,315,7.9,90,Bob Jones University,7.48,F,288,"$43,170.46 "
42,Ulric,78,306,8.3,119,Universidade de Mogi das Cruzes,6.3,M,308,"$33,834.69 "
43,Leupold,685,325,4.2,80,Universitas Indonesia,8.32,M,275,"$54,835.48 "
44,Tracey,377,282,7.4,105,Universidad de La Coruña,6.7,M,319,"$38,736.28 "
45,Felecia,227,339,4.8,100,Toyo Eiwa Women's University,7.54,F,277,"$45,673.00 "
46,Goraud,488,339,7.9,60,Beijing University of Chinese Medicine and Pharmacology,5.86,M,280,"$32,772.59 "
47,Creight,373,271,4.6,96,St. Francis Medical Center College of Nursing,6.08,M,284,"$40,676.61 "
48,Clemmie,177,316,3.2,76,Capitol College,5.5,F,348,"$55,456.73 "
49,Jacques,129,335,7.6,73,National Pingtung Teachers College,9.07,M,306,"$50,367.93 "
50,Lucio,497,330,6.9,106,Université d'Orléans,5.98,M,320,"$26,053.25 "
51,Retha,438,289,4.1,102,Universidad Técnica de Babahoyo,4.11,F,303,"$29,570.84 "
52,Vina,221,305,5.4,83,Kaunas University of Technology,6.77,F,281,"$66,973.28 "
53,Judd,536,264,5.8,94,South Gujarat University,5.12,M,277,"$33,182.12 "
54,Swen,160,295,3.1,100,Konyang University,4.86,M,329,"$42,304.51 "
55,Candida,592,298,3.5,74,Universidad Nacional Hermilio Valdizan,7.87,F,328,"$35,130.89 "
56,Sanderson,342,297,7.3,102,Université de Rouen - Haute Normandie,9.75,M,291,"$59,326.75 "
57,Mason,85,304,4.3,60,Riga Technical University,4.85,M,296,"$65,297.96 "
58,Kaia,384,296,4.5,70,Aga Khan University,5.09,F,298,"$56,052.86 "
59,Juieta,38,303,3.5,99,Aleksander Gieysztor School of Humanities in Pultusk,8.16,F,299,"$48,296.00 "
60,Lionel,122,324,6.8,109,Dammam Community College,4.71,M,282,"$30,629.78 "
61,Husein,647,273,6.8,97,Università Pontifcia Salesiana,9.35,M,305,"$53,133.68 "
62,Fletch,684,303,6.8,61,University of Burdwan,8.09,M,298,"$52,197.43 "
63,Reece,442,331,5.1,102,YPC-iTWEB College,8.07,M,290,"$28,748.74 "
64,Katrina,114,322,3.4,92,College of Dunaujvaros,9.86,F,312,"$64,603.23 "
65,Angelita,194,315,3.4,119,University College of Applied Sciences,8.73,F,277,"$50,805.82 "
66,Robenia,344,263,5.3,100,Southern California College,9.72,F,286,"$31,881.48 "
67,Jackie,428,266,3.4,111,Benemerita Universidad Autónoma de Puebla,5.71,M,280,"$39,808.94 "
68,Mendel,661,274,4,84,New Mexico Highlands University,9,M,317,"$30,072.85 "
69,Celisse,394,275,5.5,114,University of Rhode Island,9.5,F,273,"$63,512.35 "
70,Jens,191,328,6.2,96,Inchon University,7.51,M,301,"$27,447.80 "
71,Hersh,556,281,6.7,119,ECAM - Institut Supérieur Industriel,8.9,M,305,"$25,630.63 "
72,Poul,667,274,6,94,University of Tennessee - Memphis,5.64,M,305,"$68,423.86 "
73,Juana,50,332,3.6,93,Life Chiropractic College West,7.93,F,317,"$63,335.56 "
74,Goddard,282,282,7.7,80,Hallym University,6.14,M,341,"$30,147.95 "
75,Allix,349,275,7,71,Hebrew College,6.89,F,295,"$68,976.04 "
76,Cordula,258,272,6.5,62,Universitas Khairun,9.92,F,311,"$68,873.73 "
77,Gale,618,316,6.8,117,Mbarara University of Science and Technology,8.72,M,308,"$25,118.11 "
78,Cosimo,233,326,7.2,95,Yantai Education Institute & Yantai Television University,6.27,M,297,"$50,873.81 "
79,Fraser,604,295,4.8,94,"Federal University of Technology, Minna",8.17,M,297,"$58,589.26 "
80,Doris,131,265,4.3,101,St. Joseph College,8.3,F,313,"$47,242.21 "
81,Riki,109,298,6.3,78,New England Institute of Technology,6.15,F,307,"$53,710.39 "
82,Marline,267,302,8,76,Lviv Polytechnic National University,9.14,F,302,"$62,388.53 "
83,Dena,253,276,4.5,86,Shiga University of Medical Science,5.09,F,287,"$50,343.38 "
84,Marius,529,329,3,64,King Mongkut's University of Technology Thonburi,7.52,M,317,"$35,041.82 "
85,Deonne,176,276,8.9,90,"Moscow State Institute of Radiotechnics, Electronics and Automation (Technical University)",7.57,F,308,"$42,138.62 "
86,Aileen,617,275,3.3,96,ITT Technical Institute Fort Wayne,5.2,F,285,"$68,864.79 "
87,Venita,229,288,4.4,77,Universidad Especializada de Las Americas,7.16,F,333,"$47,442.94 "
88,Gery,119,271,5,118,Linton University College,9.94,M,281,"$62,209.73 "
89,Bennett,575,314,8.3,104,"Rutgers, The State University of New Jersey",4.11,M,256,"$26,635.26 "
90,Hagan,233,264,6,116,Puntland State University,6.44,M,302,"$55,003.69 "
91,Stacee,233,337,7.6,72,Illinois School of Professional Psychology - Chicago Campus,7.29,M,314,"$51,205.51 "
92,Galen,624,263,6.9,65,University of the Visual & Performing Arts,4.86,M,310,"$48,367.68 "
93,Keith,632,262,5.1,73,Liberty University,9.54,M,296,"$32,561.30 "
94,Greggory,669,290,6.1,81,Universidad Rey Juan Carlos,4.23,M,279,"$45,951.50 "
95,Josi,172,270,7.8,77,Al Azhar University,6.88,F,290,"$55,916.77 "
96,Flint,130,264,5.4,77,University College of Nabi Akram,6.81,M,298,"$39,661.92 "
97,Paco,308,328,3.8,118,Helsinki School of Economics and Business Administration,5.28,M,286,"$47,489.91 "
98,Toni,417,339,6.5,116,Asa University Bangladesh,8.99,F,307,"$66,967.37 "
99,Nigel,584,288,7.6,109,Multimedia University,7.66,M,313,"$46,175.37 "
100,Ari,697,329,7.6,79,Meijo University,5.25,M,291,"$37,151.71 "
101,Stanley,658,291,5.2,115,Universidad del Valle de México,6.96,M,288,"$65,987.88 "
102,Vita,350,277,8.7,100,"Universidad de Puerto Rico, Ponce",5.67,F,287,"$42,629.98 "
103,Mathias,127,314,6.1,83,Technological University of the Philippines,7.18,M,321,"$38,967.42 "
104,Frederich,54,313,4,95,Hochschule Vechta,4.02,M,297,"$60,754.86 "
105,Monroe,692,261,3.7,106,Ecole Nationale Supérieure des Industries Chimiques de Nancy,7.36,M,302,"$54,224.33 "
106,Blake,518,314,3.5,116,Hochschule für Berufstätige Rendsburg,9.59,M,289,"$54,002.63 "
107,Matelda,507,305,3.4,109,University of Gadarif,7.03,F,287,"$46,091.70 "
108,Lucio,74,323,4.3,96,Patuakhali Science and Technology University,5.71,M,314,"$32,066.32 "
109,Beniamino,325,312,3.6,111,Kunsan National University,9.69,M,314,"$43,877.42 "
110,Dietrich,340,314,8.7,60,"South-West University ""Neofit Rilski""",7.56,M,274,"$28,275.68 "
111,Lane,142,268,8.1,97,National Formosa University,7.04,F,284,"$62,594.73 "
112,Hebert,423,315,7.4,99,"Islamic Azad University, Ardabil",6.42,M,318,"$35,474.58 "
113,Dre,444,282,3.7,107,Darul Takzim Institute of Technology,8.65,F,289,"$55,472.06 "
114,Alicea,175,277,7.1,68,Soochow University,4.7,F,284,"$55,385.61 "
115,Ricki,532,284,4.8,84,State University of New York at Oswego,9.31,M,311,"$26,036.16 "
116,Onida,32,312,5.7,96,Ecole Nationale Vétérinaire d'Alfort,7.28,F,300,"$50,887.52 "
117,Brandy,494,288,8.6,94,Kyushu Women's University,4.59,F,283,"$54,068.05 "
118,Hillel,281,311,3,114,John Carroll University,7.91,M,320,"$44,919.79 "
119,Llywellyn,470,265,4.5,100,Cleary College,8.51,M,283,"$27,436.85 "
120,Adriaens,674,283,6.5,74,Cyryx College,5.91,F,313,"$58,736.47 "
121,Merl,587,306,5.5,82,Koka Women's College,9.51,F,305,"$39,797.70 "
122,Brose,125,263,7.7,95,"Institute of Teachers Education, Tuanku Bainun",5.89,M,302,"$57,539.53 "
123,Ilka,619,305,4.6,78,Université de N'Djamena,4.4,F,311,"$37,579.95 "
124,Bobette,569,333,7.4,102,Technical University of Koszalin,8.18,F,317,"$31,204.74 "
125,Holly,208,310,4.2,115,Najran University,7.6,F,296,"$50,219.42 "
126,Kalle,654,322,3.3,63,Kazak National Technical University,4.83,M,289,"$65,863.24 "
127,Laina,206,274,7.4,115,Umea University,7.5,F,342,"$45,238.31 "
128,Olympe,477,305,8.3,103,The Manchester Metropolitan University,6.82,F,287,"$67,281.77 "
129,Garrett,86,275,8,105,Shandong Agricultural University,7.54,M,291,"$35,473.45 "
130,Isadore,462,313,4.8,90,Takarazuka University of Art and Design,8.27,M,325,"$30,562.80 "
131,Fay,93,323,3.7,94,Hakodate University,8.34,F,292,"$54,651.72 "
132,Jaynell,168,280,4.4,120,Millennia Atlantic University,5.52,F,301,"$46,133.61 "
133,Sheri,242,321,5.4,77,Technological University (Myitkyina) ,5.48,F,308,"$33,870.49 "
134,Kassia,507,329,8.9,98,California Institute of Integral Studies,8.31,F,300,"$69,330.80 "
135,Caitrin,262,311,8.2,74,Binus University,7.78,F,301,"$55,100.49 "
136,Erskine,486,262,8.1,88,Istanbul Arel University,9.25,M,305,"$40,561.86 "
137,Curr,649,315,6.7,116,Delta University,7.78,M,292,"$38,395.53 "
138,Alika,57,295,3.3,80,University of Surrey,8.11,F,306,"$54,337.72 "
139,Christoforo,31,296,7.9,101,William Jewell College,4.98,M,285,"$46,350.94 "
140,Vaughn,196,302,8.5,85,Universität Hannover,6.79,M,266,"$67,102.60 "
141,Turner,120,337,4.8,117,University of the District of Columbia,4.93,M,277,"$39,128.54 "
142,Murvyn,484,281,4.6,101,Université Libre de Tunis,5.64,M,294,"$28,253.12 "
143,Isidora,205,320,4.7,118,University of Arkansas (System),6.52,F,319,"$68,069.23 "
144,Aggy,231,270,8.6,95,Florida Southern College,8.18,F,283,"$38,260.38 "
145,Sanderson,274,312,8.1,120,William and Catherine Booth College,5.73,M,328,"$30,332.65 "
146,Cindy,610,315,3.2,95,Kateb Institute of Higher Education,5.62,F,317,"$60,578.04 "
147,Ernestine,659,276,8,104,Nagoya University of Arts,4.65,F,305,"$28,597.72 "
148,Chancey,573,307,4.1,94,Institute of Management & Enteurpreneurship of South East Europe,5.19,M,319,"$57,590.68 "
149,Galven,654,294,4.5,76,Khulna University of Engineering And Technology,5.2,M,318,"$69,183.70 "
150,Peadar,287,278,6,66,Ecole Centrale d'Electronique - ECE,8.59,M,290,"$35,834.87 "
151,Hillie,60,311,5.9,119,University of Macedonia,8.48,M,326,"$56,587.90 "
152,Claybourne,500,305,4.7,101,Sultan Idris Shah Polytechnic,9.1,M,315,"$66,637.50 "
153,Lynne,581,270,7.8,117,Future University,4.94,F,285,"$64,958.85 "
154,Nicki,77,331,5,69,Lingnan University,9.48,F,275,"$27,788.69 "
155,Jeff,42,282,8.1,81,University of Wisconsin - Platteville,5.81,M,292,"$40,920.36 "
156,Anjanette,138,291,8.4,99,"Trinity International University (Excel), Miami",6.03,F,300,"$43,490.29 "
157,Archer,38,324,3.9,101,Czech Technical University of Prague,4.16,M,298,"$28,213.77 "
158,D'arcy,539,306,5.7,87,Connecticut College,9.57,M,280,"$46,814.43 "
159,Noellyn,381,300,4.9,97,Universidad Nacional de Cuyo,4.29,F,313,"$41,339.92 "
160,Kiah,683,317,6.6,109,Toho University,4.05,F,324,"$59,216.67 "
161,Kathye,460,337,8.1,64,Shawnee State University,6.55,F,278,"$27,513.13 "
162,Levy,280,265,7.9,82,Palacky University,8.23,M,317,"$44,326.90 "
163,Leanora,255,277,8.5,86,Komazawa University,7.58,F,309,"$65,893.64 "
164,Rafe,409,333,8.8,78,"Islamic Azad University, Falavarjan ",5.33,M,288,"$65,504.32 "
165,Tatum,576,305,8.7,75,Lyndon State College,4.87,F,307,"$28,292.77 "
166,Jules,156,319,3.6,115,University of Sri Jayawardenapura,7.46,M,303,"$27,378.90 "
167,Lynette,239,301,7.4,105,"St. Francis College, Loretto",7.24,F,295,"$36,946.51 "
168,Wheeler,109,309,7.4,63,Universidade Estadual de Feira de Santana,5.85,M,260,"$51,679.46 "
169,Augusta,486,311,7.8,79,University of Economics in Bratislava,5.01,F,262,"$68,700.75 "
170,Delainey,89,279,3.8,98,Wawasan Open University,4.71,M,273,"$48,327.29 "
171,Wileen,582,306,5.8,86,Ateneo de Naga University,7.22,F,298,"$38,340.79 "
172,Alessandra,176,329,8.6,61,Universitas Islam Syekh-Yusuf ,7.65,F,305,"$62,423.82 "
173,Roderigo,521,275,3,120,Universidad Gabriela Mistral,4.87,M,278,"$46,938.76 "
174,Tynan,623,337,8,105,Rikkyo University (St. Paul's University),6.08,M,302,"$50,795.40 "
175,Morley,634,316,6.1,104,Williams Baptist College,6.23,M,300,"$49,666.05 "
176,Constantia,264,271,7.5,76,St. Bonaventure University,8.44,F,293,"$25,543.18 "
177,Jaclin,51,307,6.4,110,Ecole Supérieure de Commerce de Lille,9.08,F,294,"$44,023.79 "
178,Bird,436,337,7.3,81,Grand Valley State University,8.81,F,281,"$40,508.48 "
179,Creighton,127,277,5.1,60,Claremont McKenna College,4.86,M,280,"$45,725.76 "
180,Kassey,589,315,8.8,95,University School of Physical Education,9.13,F,323,"$36,498.32 "
181,Gwennie,647,300,4.9,67,Jinnah University for Women,6.72,F,312,"$68,272.54 "
182,Devy,331,275,6.5,86,West University of Timisoara,5.05,M,328,"$54,235.43 "
183,Lenka,103,331,4.3,83,Koc University,7.37,F,306,"$45,618.91 "
184,Magda,53,328,6.7,69,Moore College of Art and Design,7.8,F,295,"$64,098.88 "
185,Lila,416,333,4.2,83,First Global University to teaching Jainism,7.5,F,298,"$53,954.21 "
186,Juline,553,337,5.2,78,Al-Isra University,9.09,F,301,"$67,687.73 "
187,Mab,49,263,7.8,89,Hellenic Army Academy,4.22,F,292,"$66,332.06 "
188,Sigmund,200,311,8.7,74,Universidade Federal de Ouro Preto,9.37,M,284,"$46,619.89 "
189,Ludovico,143,333,6.6,109,Jerusalem University College,9.63,M,299,"$49,485.11 "
190,Maggie,222,264,6.7,113,University of Benin,6.36,F,288,"$46,183.85 "
191,Bernadene,308,332,5.3,63,American University of Armenia,6.73,F,273,"$36,785.14 "
192,Wyn,506,333,5.6,99,Universidad de Nariño,7.46,M,295,"$63,156.13 "
193,Else,320,266,3.7,63,Sri Lanka Institute of Advanced Technical Education,8.83,F,281,"$56,195.67 "
194,Gae,673,271,7.2,94,Université de Sherbrooke,9.94,F,331,"$33,256.71 "
195,Chaddie,34,314,8.7,93,Universidad Iberoamericana,5.37,M,304,"$37,234.34 "
196,Beverly,134,324,6.6,61,Modern University for the Humanities,8.84,F,332,"$31,504.44 "
197,Denni,134,322,5.1,106,Kibi International University,9.54,F,301,"$40,173.04 "
198,Bjorn,179,288,5.5,96,Universidad Popular del Cesar,9.64,M,315,"$56,687.10 "
199,Brooks,45,297,8.6,97,Morgan State University,8.17,M,305,"$68,632.57 "
200,Fiona,142,303,5.9,106,Nazareth College,7.24,F,307,"$47,287.59 "
201,Pat,684,264,6.2,104,Vladivostock State University of Economics,9.22,M,294,"$55,449.23 "
202,Spike,418,279,4.6,119,DCT International Hotel & Business Management School,8.69,M,282,"$39,688.63 "
203,Thorpe,415,285,6.4,86,"Troy University, Montgomery",7.82,M,267,"$56,999.92 "
204,Georges,437,261,8.3,116,Universidade Cidade de São Paulo,6.44,M,297,"$68,818.46 "
205,Kincaid,110,314,7,96,Chao Yang University of Science and Technology,8.56,M,301,"$56,328.93 "
206,Werner,270,322,3.2,98,Chongqing University,9.2,M,333,"$59,826.94 "
207,Gerrie,323,322,3.5,72,Unity  University,5.69,F,303,"$66,197.76 "
208,Torre,452,319,5.6,73,Tenri University,6.08,M,295,"$60,629.05 "
209,Toby,357,295,5.1,78,Pfeiffer University,5.67,M,286,"$66,851.94 "
210,Cybill,253,297,8,64,University of Tabuk,9.92,F,332,"$53,150.24 "
211,Charin,75,279,7.6,118,Pedagogical University of Kielce,9.74,F,298,"$25,594.19 "
212,Luce,41,280,7,85,Bowdoin College,6.48,M,299,"$35,384.20 "
213,Svend,312,270,3.5,108,St. Mary's University of San Antonio,9.59,M,288,"$58,218.43 "
214,Kandy,637,289,6.1,82,Athens Graduate School of Management (AGSM),8.33,F,320,"$34,961.79 "
215,Denys,134,288,3.5,110,Hehai University,8.67,M,298,"$67,531.80 "
216,Dena,636,336,7.2,64,Hachinohe University,8.75,F,328,"$36,068.21 "
217,Lizabeth,562,270,6,66,Instituto Piaget,7.07,F,290,"$57,729.17 "
218,Leroy,517,291,3.2,86,American InterContinental University Online,6.95,M,296,"$67,123.62 "
219,Rolf,48,288,5.2,96,"Télé-université, Université du Québec",5.96,M,277,"$33,440.16 "
220,Jameson,366,328,8.2,88,University of Durham,5.65,M,318,"$56,159.20 "
221,Curry,60,267,6.8,78,Modern University For Technology and Information,4.79,M,314,"$47,297.49 "
222,Lyndsie,623,286,3,99,Universitas Riau,4.02,F,308,"$56,894.13 "
223,Obidiah,426,286,8.3,120,Universidad Alberto Hurtado,9.31,M,282,"$42,074.06 "
224,Pauly,672,275,6.3,67,Sir Syed University of Engineering and Technology,8.02,M,294,"$58,170.33 "
225,Ianthe,617,329,4.2,75, Huaihua University,6.24,F,285,"$59,241.15 "
226,Nate,204,272,7.2,93,Jodhpur National University,4.32,M,313,"$31,927.64 "
227,Berenice,282,315,4.7,108,Universidad Galileo,8.43,F,324,"$34,266.42 "
228,Arline,183,322,6.2,89,Full Sail University,8.99,F,307,"$59,860.40 "
229,Inesita,230,278,5.7,110,Nara Sangyo University,4.54,F,274,"$66,056.34 "
230,Corty,160,294,6.3,97,Albany State University,5.39,M,317,"$42,552.03 "
231,Porter,50,333,6.8,120,Fachhochschule Kärnten,6.88,M,301,"$60,783.04 "
232,Jerrilee,571,301,7.3,82,Lehigh Univervsity,7.62,F,304,"$28,991.03 "
233,Lucas,91,269,7.5,92,Taegu National University of Education,9.49,M,317,"$49,568.42 "
234,Cully,184,305,3.4,92,Oxford Brookes University,7.51,M,296,"$31,793.45 "
235,Erl,620,290,5.6,101,University of Mindanao,4.69,M,334,"$33,100.01 "
236,Cammy,664,304,6.4,84,Gubkin Russian State University of Oil and Gas,7.12,M,315,"$40,352.25 "
237,Prudence,568,318,6.7,112,North Central Bible College,6.09,F,301,"$64,228.81 "
238,Norry,635,297,6.4,112,Tikrit University,7.38,F,316,"$42,752.59 "
239,Montague,170,260,7.8,110,School of Management,7.65,M,280,"$50,321.74 "
240,Babara,669,265,3.4,95,Westhill University,6.24,F,285,"$47,983.51 "
241,Gwenny,317,339,7.3,112,"Hochschule Harz, Hochschule für angewandte Wissenschaften (FH)",7.7,F,302,"$31,510.54 "
242,Cristobal,42,268,7.9,98,Universiti Tun Hussein Onn Malaysia,5.11,M,315,"$64,321.12 "
243,Tasia,265,295,8.4,101,Amman University,4.53,F,298,"$54,141.16 "
244,Milena,230,331,4.6,86,Universidad de Ciencias Empresariales y Sociales,9.64,F,303,"$25,171.60 "
245,Babs,42,332,8.7,67,Petro Mohyla Black Sea State University,8.53,F,310,"$44,695.34 "
246,Christean,523,270,8.7,88,National University of Theater and Film Arts,6.81,F,306,"$66,377.71 "
247,Merola,346,276,4.6,77,Pyramid Education Center,8.73,F,285,"$45,180.67 "
248,Nathan,244,286,3.1,91,Punjab Technical University,4.23,M,278,"$44,276.86 "
249,Cristine,37,281,7.6,94,Technological Education Institute of Kozani,6.09,F,274,"$35,735.86 "
250,Claudian,238,263,5.9,71,Jiangxi University of Traditional Chinese Medicine,5.97,M,305,"$28,499.53 "
251,Blair,213,287,8.7,79,Muhlenberg College,6.11,M,305,"$69,241.16 "
252,Cristal,153,324,5.3,64,La Sierra University,4.91,F,321,"$65,461.75 "
253,Isidora,243,283,7.5,116,University of Calabria,9.8,F,311,"$69,723.21 "
254,Cynthia,334,261,3.7,78,Stamford International University,4.62,F,295,"$57,087.95 "
255,Gallagher,637,272,8.3,84,"Teachers College, Columbia University",8.52,M,300,"$62,852.65 "
256,Celia,423,315,8,60,Université de Sétif,6.93,F,315,"$43,165.16 "
257,Marchelle,60,333,6.5,93,Universidad de Chile,7.67,F,304,"$42,794.53 "
258,Sim,168,330,7.1,108,Mesa State College,4.32,M,332,"$40,094.81 "
259,Vikki,37,262,4.2,101,Universidad Hispanoamericana,7.29,F,291,"$45,290.41 "
260,Tallie,312,326,6.5,77,Open University of Sri Lanka,5.65,M,301,"$47,402.46 "
261,Percival,133,297,4.3,108,Beijing University of Aeronautics and Astronautics,8.81,M,288,"$55,355.33 "
262,Dillon,602,331,6,115,Enugu State University of Science and Technology,9.7,M,328,"$49,816.06 "
263,Alvie,673,302,3.5,117,Rochester Institute of Technology,7.73,M,302,"$32,077.37 "
264,Krispin,320,336,6.1,64,Lagos City Polytechnic,4.34,M,295,"$45,898.70 "
265,Adara,568,336,8.5,90,Université de Marne la Vallée,6.67,F,281,"$66,546.86 "
266,Ambrosio,535,313,7,116,Université de Saida,7.06,M,281,"$67,990.96 "
267,Timothee,146,297,4.9,78,University of Warsaw,4.25,M,293,"$39,831.57 "
268,Lester,98,280,8.7,62,University of Mohaghegh,8.32,M,305,"$48,333.93 "
269,Leroy,553,320,7.6,97,Escuela Politécnica del Ejercito,8.77,M,311,"$34,088.39 "
270,Debbi,30,315,7.6,78,Universidad Evangélica de El Salvador,5.69,F,282,"$26,514.52 "
271,Ralina,109,340,5.3,70,Chonju National University of Education,6.56,F,288,"$48,623.33 "
272,Gottfried,431,312,4.2,94,Universidad Anáhuac,7.15,M,328,"$58,153.51 "
273,Rosalind,150,327,6,96,Universidade Autónoma de Lisboa Luís de Camoes,7.49,F,317,"$55,388.23 "
274,Suzy,283,278,7.9,116,4th Military Medical University,9.48,F,285,"$40,936.27 "
275,Travis,373,339,8.5,84,Technological Education Institute of Kozani,6.9,M,303,"$45,052.20 "
276,Bunnie,142,277,5.2,102,Jordan Academy of Music / Higher Institute of Music,4.52,F,312,"$50,884.88 "
277,Aprilette,461,309,3.6,61,Royal School of Library and Information Science,5.81,F,269,"$68,450.92 "
278,Mersey,552,337,7.4,92,Bowen University,5.01,F,319,"$69,347.60 "
279,Coleman,380,327,5.8,72,Mutesa 1 Royal University,6.68,M,302,"$33,227.15 "
280,Filippa,627,328,5.8,95,Omsk State Technical University,8.79,F,304,"$61,771.62 "
281,Devon,325,308,4.8,90,Universidad de Zaragoza,7.49,F,298,"$55,915.91 "
282,Ephrayim,213,309,9,88,"Universidad de Puerto Rico, Carolina",9.4,M,278,"$46,166.67 "
283,Lind,597,309,8.2,103,Athens Laboratory of Business Administration (ALBA),9.3,M,272,"$42,616.94 "
284,Karyl,490,266,8.7,86,Université Panthéon-Sorbonne (Paris I),8.17,F,311,"$64,838.59 "
285,Doralynne,125,321,3.3,66,Nagpur University,4.52,F,301,"$54,726.66 "
286,Mattheus,280,302,8,82,Jarvis Christian College,7.23,M,289,"$33,866.52 "
287,Maddie,307,336,6,93,Dakota Wesleyan University,4.43,F,298,"$61,852.13 "
288,Paten,317,332,3.8,114,Mount Vernon College,6.5,M,275,"$66,465.46 "
289,Charmain,489,325,6.9,66,Universidade Federal de Mato Grosso,7.28,F,275,"$27,731.93 "
290,Ring,288,291,3.6,93,Iwate Prefectural University,7.03,M,297,"$56,227.05 "
291,Glynn,277,276,5.2,117,Universidad de Huánuco,4.04,M,317,"$61,862.76 "
292,Haley,25,307,6.8,109,"Rutgers, The State University of New Jersey - Camden",7.55,M,289,"$42,014.80 "
293,Veradis,471,305,7.1,106,University of North London,8.82,F,308,"$42,746.23 "
294,Julissa,673,333,6,89,College of Technology at Abha,8.49,F,281,"$66,118.43 "
295,Marlowe,142,302,4.8,92,Felician College,9.21,M,271,"$53,337.06 "
296,Tessy,501,281,4,119,Saad College of Nursing and Allied Health Sciences,6.84,F,292,"$53,159.83 "
297,Jasen,422,277,4.8,69,Mariano Marcos State University,9.34,M,325,"$38,707.08 "
298,Samuel,36,339,4.7,84,Gomel State Technical University Pavel Sukhoi,8.56,M,316,"$40,084.68 "
299,Eduardo,190,274,8,61,Liaoning Normal University,5.52,M,292,"$51,178.86 "
300,Tabor,44,291,4.4,81,University of Islamic Studies,5.23,M,277,"$34,616.98 "
301,Sheree,55,275,3.5,101,Valley Forge Christian College,8.16,F,294,"$55,769.10 "
302,Leah,369,292,5.4,93,Green University of Bangladesh,5.33,F,310,"$27,574.60 "
303,Thibaud,236,338,4.9,97,Philosophisch-Theologische Hochschule Sankt Georgen,7.91,M,280,"$58,596.54 "
304,Errol,269,332,8.1,102,University of Twente,9.23,M,294,"$47,761.88 "
305,Benyamin,287,277,3.5,91,St. Augustine's College North Carolina,5.55,M,293,"$26,596.98 "
306,Ronny,38,333,3.9,117,Hahnamann Honoeopathic Medical College,4.42,M,290,"$69,652.05 "
307,Haywood,632,316,4.4,95,Semnan University of Medical Sciences,5.31,M,313,"$33,115.36 "
308,Celine,26,332,7.4,70,University of Baguio,6.89,F,291,"$57,772.00 "
309,Korey,164,329,6.3,90,Universidad Catolica de Azogues,8.23,M,305,"$61,652.47 "
310,Dolph,49,322,4.9,108,National Chiao Tung University,6.23,M,302,"$32,236.22 "
311,Hayes,673,324,6.7,102,Phillips-Universität Marburg,6.1,M,327,"$48,014.36 "
312,Luci,472,299,7.3,95,University of Regina,9.19,F,314,"$67,115.36 "
313,Denny,542,271,8.5,90,Institut National des Postes et Télécommunications,6.05,M,303,"$64,016.41 "
314,Mallory,129,334,8.1,79,Université Gaston Berger Saint-Louis,4.71,M,291,"$60,720.01 "
315,Janeczka,556,327,6.5,107,Ecole Nationale Supérieure Electricité et Mécanique,5.86,F,273,"$65,766.98 "
316,Jorry,506,272,4.5,98,Universidad Capitain General Gerardo Barrios,4.28,F,318,"$27,914.46 "
317,Willis,201,260,3.3,90,University of Arkansas at Fayetteville,8.44,M,315,"$68,139.28 "
318,Harli,194,291,7.1,105,Institut Supérieur de Management et de Technologie (MATCI),4.54,F,327,"$53,248.39 "
319,Candra,693,296,4.8,117,Kobe University,6.86,F,289,"$59,779.77 "
320,Shannan,182,309,4.2,60,Nagoya University,7.49,M,314,"$64,549.48 "
321,Jobye,510,303,4.2,91,Escuela Militar de Ingeniería,9.31,F,316,"$26,906.41 "
322,Jere,515,280,9,117,Baghdad College of Economic Sciences University,6.01,M,290,"$47,640.48 "
323,Alfy,288,271,5.5,116,KASB Institute of Technology,6.8,M,276,"$52,608.90 "
324,Carney,12,314,7.7,112,Yokohama City University,5.7,M,264,"$26,944.38 "
325,Bianka,516,327,7.8,98,Tampere Polytechnic,4.13,F,306,"$52,255.10 "
326,Carlin,95,271,4.1,71,"Heythrop College, University of London",8.07,M,309,"$62,671.09 "
327,Al,232,298,5.9,71,Budapest Buddhist University,8.29,M,295,"$52,300.14 "
328,Stormi,52,275,7.8,104,South China University of Technology,6.34,F,311,"$29,014.83 "
329,Sim,322,309,6,104,Higher School of University and Advanced Studies Pisa,7.21,M,265,"$49,500.06 "
330,Kim,162,335,6.9,92,Universidad de Viña del Mar,7.3,M,323,"$45,995.14 "
331,Barrie,118,264,6.7,82,Waterford Institute Of Technology,4.77,M,305,"$52,720.53 "
332,Denny,564,313,7.4,91,San Diego State University,5,M,256,"$32,712.39 "
333,Terrie,495,307,8.8,77,Rollins College,6.31,F,280,"$68,030.02 "
334,Billie,51,301,7.5,89,Universidad de La Guajira,6.02,M,317,"$35,661.05 "
335,Siegfried,217,270,4.3,94,University of Bolton,4.97,M,303,"$36,215.32 "
336,Sherwynd,124,333,7.1,62,Flinders University of South Australia,8.12,M,300,"$29,915.06 "
337,Ali,482,307,5.7,84,Syrian Virtual University,6.42,M,304,"$45,409.14 "
338,Trey,466,266,8.5,83,Yaroslavl State Theatre Institute,6.74,M,286,"$69,279.82 "
339,Hanna,78,276,7.6,91,Haramaya University,4.78,F,288,"$64,842.73 "
340,Kessia,81,310,5.4,86,Université d'Evry Val d'Essonne,9.54,F,276,"$66,074.26 "
341,Maxi,273,277,4.6,94,Karaganda State Buketov University,7.64,F,298,"$46,480.02 "
342,Roldan,344,304,7.6,65,Ross University Caribbean School of Veterinary Medicine,8.62,M,308,"$48,034.84 "
343,Rickard,508,304,7.3,111,Université de N'Djamena,5.46,M,343,"$31,703.15 "
344,Valerie,427,332,3.5,100,Lipscomb University,4.56,F,304,"$57,881.44 "
345,Bernelle,287,302,5.9,70,Avondale College,4.4,F,293,"$49,245.80 "
346,Giulia,688,309,6.8,87,China Agricultural University,5.92,F,296,"$47,994.81 "
347,Anders,217,291,8.5,110,Southern Nazarene University,6.31,M,317,"$37,606.88 "
348,Rennie,450,281,8.7,115,Yamanashi Gakuin University,7.87,F,308,"$32,590.45 "
349,Sven,635,273,4,69,University Institute of Naval Studies,5.18,M,290,"$29,581.02 "
350,Becki,417,273,8.2,62,Saad College of Nursing and Allied Health Sciences,9.36,F,316,"$35,339.86 "
351,Duffy,648,300,8.2,95,New England School of Law,9.24,M,279,"$62,382.92 "
352,Lena,363,301,3.6,105,Universitas Terbuka Indonesia,5.85,F,290,"$25,019.80 "
353,Etan,43,333,6.7,104,Fachhochschule Wiener Neustadt,5.42,M,299,"$55,035.64 "
354,Aguste,691,333,5.1,93,B.P.Koirala Institute of Health Sciences,9.7,M,263,"$56,356.51 "
355,Nicki,629,320,4.3,110,Brandeis University,9.29,F,279,"$58,694.52 "
356,Bron,418,297,5.1,67,Universidade do Estado de Santa Catarina,4.44,M,271,"$52,948.24 "
357,Lauretta,56,268,8,104,Dongshin University,7.8,F,295,"$41,945.84 "
358,Mehetabel,664,274,3.6,73,Osaka Dental University,9.87,F,300,"$58,470.22 "
359,Aurthur,178,333,5.8,93,Kazakh British Technical University,7.5,M,321,"$59,780.35 "
360,Desirae,361,280,7.5,73,Universidad Cuauhtémoc,7.12,F,317,"$60,616.68 "
361,Heindrick,469,292,8.5,112,"University of Moncton, Edmundston",6.43,M,269,"$28,781.19 "
362,Samuel,337,299,5.7,62,Southern California College of Optometry,8.8,M,295,"$25,010.31 "
363,Minnie,341,271,8.5,70,Babol Noshirvani University of Technology,8.23,F,278,"$40,226.88 "
364,Colan,650,338,7,75,Bharathiar University,5.88,M,311,"$27,789.27 "
365,Pammie,74,270,5.7,120,Ranchi University,4.14,F,332,"$45,602.69 "
366,Leon,698,284,7.8,113,International Kazakh-Turkish University,7.26,M,293,"$55,981.86 "
367,Hal,350,283,3.4,89,Shanghai Dainji University,4.58,M,303,"$33,405.35 "
368,Lonee,517,290,8.3,73,Institut Supérieure d'Electronique de Paris,8.23,F,251,"$52,487.81 "
369,Jean,336,315,8.8,72,"European University, Athens Campus",9.09,M,304,"$60,547.66 "
370,Stanislas,405,307,4,77,Wawasan Open University,7.09,M,323,"$67,879.08 "
371,Mort,399,283,8.3,64,Al-Bukhari International University,9.82,M,300,"$34,760.17 "
372,Zacherie,643,334,8.4,102,Saga University,8.54,M,297,"$40,841.76 "
373,Dominic,78,340,3.3,70,Università Pontificia Salesiana,6.57,M,322,"$50,848.64 "
374,Tracey,431,314,3.2,86,Freie Universität Berlin,7.96,M,277,"$49,743.73 "
375,Miquela,119,330,3.2,106,China Medical College,8.84,F,313,"$25,004.22 "
376,Selestina,528,309,5.4,105,Law University of Bratislava,8.53,F,313,"$45,656.76 "
377,Vanya,469,295,4.5,70,Hogeschool Antwerpen,9.18,F,291,"$26,391.89 "
378,Karlene,296,338,7.6,110,Bangladesh Agricultural University,4.52,F,290,"$68,428.60 "
379,Yul,127,323,4.6,100,Pacific University,4.11,M,308,"$69,513.26 "
380,Carson,652,334,8.4,78,Universidad Abierta Interamericana,8.58,M,308,"$48,754.41 "
381,Debor,435,287,4,105,Najaf Abad University of Applied Science and Technology,7.12,F,310,"$35,195.59 "
382,Marianna,546,333,8.8,66,Higher Institute of Agriculture and Animal Husbandry,5.36,F,299,"$59,076.46 "
383,Koren,106,282,4.3,82,Universidad Centro Occidental Lisandro Alvarado,4.36,F,321,"$25,417.42 "
384,Anni,581,289,5.3,98,Prague College,6.41,F,291,"$54,023.96 "
385,Roderick,346,260,3.9,107,Daido Institute of Technology,9.24,M,294,"$40,281.51 "
386,Merrielle,680,338,6.3,91,University of Veterinary & Animal Science,8.67,F,302,"$55,315.99 "
387,Madeleine,121,339,5,62,Tampere Polytechnic,5.46,F,320,"$29,005.94 "
388,Freedman,253,317,8,97,Pikeville College,7.72,M,318,"$33,552.88 "
389,Arman,303,309,7.9,62,Liepaja Pedagogical Higher School,4.58,M,321,"$61,295.51 "
390,Miltie,305,313,8.2,60,Universidade do Sagrado Coração,4.64,M,300,"$58,589.86 "
391,Hart,681,299,3,114,St Clements University - Higher Education School,8.55,M,283,"$62,318.28 "
392,Sholom,533,318,6.2,80,University of Wroclaw,5.46,M,328,"$47,961.68 "
393,Georgeanne,668,338,5.7,86,Jinan University,4.64,F,305,"$40,655.72 "
394,Loutitia,389,317,3.5,75,"Webster University, Vienna",4.1,F,252,"$39,774.94 "
395,Mercedes,556,309,5.4,78,Ecole Supérieure de Commerce et Management,4.09,F,276,"$69,810.49 "
396,Gardie,643,328,5.9,113,Beijing Language and Culture University,6.09,M,304,"$45,652.28 "
397,Kathi,652,286,4.8,110,Webb Institute,4.75,F,283,"$30,091.48 "
398,Ancell,165,301,6.7,72,Khulna University,4.46,M,309,"$53,883.26 "
399,Earvin,145,286,4.9,107,University of Connecticut at Stamford,5.65,M,284,"$66,680.51 "
400,Prinz,498,268,3.6,106,Kean University of New Jersey,7.82,M,326,"$62,140.05 "
401,Pearla,367,299,8.6,71,Baldwin-Wallace College,7.38,F,300,"$58,734.30 "
402,Viola,334,318,7.5,60,Theologische Fakultät Paderborn,7.52,F,294,"$55,808.34 "
403,Richmound,168,312,6.5,69,Botswana College of Agriculture,9.1,M,317,"$40,791.17 "
404,Lynnet,503,326,6.2,69,Rollins College,7.56,F,282,"$37,769.44 "
405,Loise,381,269,7.5,75,Izhevsk State Technical University,5.68,F,327,"$69,827.81 "
406,Joice,672,322,7.2,64,University of Zürich,6.13,F,289,"$31,505.18 "
407,Shayne,249,271,5.4,119,Technical University of Koszalin,4.96,M,277,"$32,382.73 "
408,Sky,480,303,4.7,92,Arab Open University,4.95,M,289,"$59,470.45 "
409,Jdavie,94,312,5.1,79,Universidad Politécnica de Madrid,7.39,M,304,"$50,754.20 "
410,Tim,116,289,7.3,85,St. Petersburg State University of Architecture and Civil Engineering,8.12,M,337,"$56,986.68 "
411,Odie,431,340,6.7,105,Universidad Autónoma de Aguascalientes,8.98,M,316,"$52,174.35 "
412,Teddy,501,296,4.1,75,University of Jaffna,6.01,F,292,"$56,925.60 "
413,Anne-corinne,435,291,8.4,66,Agricultural University of Athens,5.03,F,312,"$42,089.97 "
414,Violetta,459,280,3.9,65,Universität Hohenheim,4.59,F,304,"$52,356.91 "
415,Keslie,160,296,7.4,118,Sterling College,5.06,F,299,"$48,615.85 "
416,Wald,453,318,5,82,Universität Koblenz-Landau,9.37,M,310,"$47,059.02 "
417,Tova,368,273,6.8,100,Universidad de Bologna - Representación en Buenos Aires,6.06,F,305,"$27,694.18 "
418,Elana,195,289,4.3,96,St. Anthony College of Nursing,6.95,F,280,"$32,460.36 "
419,Dianna,400,270,4.6,82,Vikrama Simhapuri University,8.29,F,289,"$32,529.86 "
420,Webb,385,260,4.3,72,University of Jos,4.83,M,302,"$47,574.58 "
421,Loralyn,30,326,7.2,93,Freie Kunst-Studienstätte Ottersberg,6.91,F,326,"$63,688.92 "
422,Dodi,411,331,6.9,91,Bila Cerkva State Agrarian University,5.4,F,294,"$61,960.41 "
423,Desdemona,417,296,7.2,64,Lahore College for Women University,4.84,F,297,"$49,922.35 "
424,Lancelot,578,295,6.3,81,Fachhochschule der Wirtschaft,4.79,M,334,"$64,905.73 "
425,Koral,268,335,4.4,92,Shanghai Maritime University,4.9,F,290,"$67,354.95 "
426,Jeremias,224,320,4.9,79,Al-baha University,9.9,M,309,"$60,355.87 "
427,Fiorenze,650,289,4.4,87,"Birkbeck College, University of London",4.16,F,294,"$58,172.25 "
428,Elli,128,307,6.2,112,University of Central Arkansas,4.94,F,297,"$37,188.90 "
429,Helen-elizabeth,570,306,6.5,65,Humboldt Universität Berlin,9.73,F,294,"$56,956.85 "
430,Harriett,308,322,6.1,86,University of Canberra,4.66,F,291,"$43,192.00 "
431,Winny,350,299,5.6,107,Le Moyne-Owen College,7.24,F,331,"$57,790.26 "
432,Nobe,178,307,6.2,63,Webster University,5.67,M,282,"$65,737.76 "
433,Wally,514,332,5.4,98,Lyon College,7.16,M,323,"$45,612.94 "
434,Bengt,266,306,8.7,118,DePauw University,4.63,M,333,"$25,543.86 "
435,Francois,382,274,8.4,72,Sung Kyun Kwan University,4.81,M,309,"$36,376.74 "
436,Thaine,98,300,8.2,100,Manonmaniam Sundaranar University,7.2,M,357,"$39,536.19 "
437,Mallorie,238,293,8.9,112,Ural State Technical University,6.21,F,305,"$48,018.99 "
438,Kassia,325,297,7.5,108,Universidad Yacambu,8.61,F,300,"$57,189.81 "
439,Issi,235,283,6,90,Universidad Empresarial,8.01,F,289,"$55,183.78 "
440,Rosie,459,283,6.1,69,Isik University,7.74,F,320,"$34,321.34 "
441,Jennette,695,316,5.6,82,Conservatoire National des Arts et Métiers,4.9,F,301,"$60,724.91 "
442,Darwin,498,304,7.9,93,Universidad de Manizales,7.94,M,299,"$42,583.97 "
443,Sarita,71,314,8.1,94,"Institute of Teachers Education, Sultan Mizan",8.45,F,302,"$65,038.83 "
444,Edvard,220,300,3.4,109,Abia State University,5.28,M,263,"$58,378.39 "
445,Hamid,598,286,6.8,68,Riyadh College of Dentistry and Pharmacy,7.26,M,286,"$47,029.06 "
446,Willard,575,306,3.6,95,Kurukshetra University,6.98,M,304,"$66,026.98 "
447,Andie,422,269,3.1,89,Universidade de Tocantins,5.74,M,323,"$47,064.67 "
448,Any,232,326,6,86,Asian University of Bangladesh,4.42,M,339,"$46,189.48 "
449,Katine,170,269,3.4,88,China Academy of Art,7.2,F,300,"$48,369.00 "
450,Hobard,540,301,4.5,91,"Shimane University, Faculty of Medicine",8.78,M,276,"$53,130.56 "
451,Myrle,240,331,5.3,106,Nippon Institute of Technology,7.52,F,307,"$41,254.85 "
452,Bill,93,293,4.5,82,Tianjin University of Technology,4.72,F,281,"$68,273.27 "
453,Gerladina,34,280,6.3,101,American University of the Caribbean,7.65,F,272,"$41,054.77 "
454,Marga,630,295,6.8,62,Universidad de San Buenaventura,4.06,F,286,"$54,269.78 "
455,Sherye,424,270,3.3,107,Cochin University of Science and Technology,6.42,F,321,"$51,150.20 "
456,Colette,217,284,6.7,96,Dallas Christian College,6.54,F,264,"$43,388.14 "
457,Ellissa,256,317,7,82,Universidad Franco-Mexicana,8.87,F,267,"$54,116.56 "
458,Sean,255,309,6.3,119,Université Paul Valéry (Montpellier III),4.16,M,262,"$60,819.19 "
459,Free,257,280,7.2,109,Universitas Negeri Gorontalo,5.19,M,301,"$53,601.47 "
460,Juliana,682,292,7.7,60,Art University,9.49,F,337,"$53,815.68 "
461,Hubie,220,329,4.4,86,International University of Kyrgyzstan,7.03,M,297,"$63,789.87 "
462,Joete,462,339,3.9,63,Ecole Nationale Supérieure de l'Aéronautique et de l'Espace,7.48,F,322,"$27,930.62 "
463,Parnell,643,265,7.1,88,"Universidad Tecnológica del Choco ""Diego Luis Cordoba""",9.1,M,299,"$44,194.54 "
464,Shepperd,193,324,3.4,109,Masinde Muliro University of Science and Technology,8.44,M,307,"$69,882.85 "
465,Drona,272,266,6.1,107,Gubkin Russian State University of Oil and Gas,4.13,F,307,"$32,790.05 "
466,Josee,483,331,4.9,88,Williams College,9.33,F,309,"$31,845.00 "
467,Alano,95,310,3.1,119,University of Texas at Dallas,5.32,M,285,"$33,498.35 "
468,Shea,221,299,3.8,81,Ege University,4.59,M,326,"$56,745.00 "
469,Jonah,200,333,3.1,100,University of Waterloo,7.74,M,267,"$54,163.31 "
470,Bald,160,324,4.8,106,Sido Kanhu Murmu University,9.89,M,315,"$63,047.21 "
471,Rees,429,269,5.7,94,International University of Travnik,5.23,M,304,"$50,483.01 "
472,Amalia,218,317,4.4,74,Assiut University,4.65,F,310,"$27,494.84 "
473,Jillana,407,310,8.9,101,Ohio University - Southern,8.12,F,293,"$41,870.91 "
474,Rozalie,698,260,8,81,Voronezh State University,6.86,F,319,"$32,839.80 "
475,Dino,593,279,3.4,71,Brno University of Technology,4.85,M,292,"$38,116.43 "
476,Antony,274,290,6.8,84,Astrakhan State University,8.13,M,289,"$26,384.27 "
477,Burl,21,320,7.3,71,"Islamic Azad University, Khorasgan",4.86,M,280,"$48,480.93 "
478,Denny,386,265,7.3,110,Perm State University,4.63,F,285,"$61,692.84 "
479,Kellyann,273,309,6.4,71,Universidad Autónoma Metropolitana,8.16,F,297,"$47,082.64 "
480,Domenico,569,268,3.4,68,Baki Business University,6.81,M,333,"$44,929.72 "
481,Roderigo,613,277,7.7,71,Escuela Agricola Panamericana Zamorano,9.72,M,341,"$33,417.26 "
482,Ermanno,621,320,6.1,73,Indira Gandhi National Open University,5.52,M,289,"$34,731.42 "
483,Sayre,341,339,8.6,80,Universität der Bundeswehr Hamburg,8.35,M,316,"$62,518.05 "
484,Odilia,532,287,5.9,94,Ecole pour les Etudes et la Recherche en Informatique et Electronique,6.07,F,292,"$61,881.06 "
485,Jaye,417,321,5.5,101,Philadelphia College of Bible,6.34,M,295,"$35,754.93 "
486,Torre,106,263,8.9,93,Tokai Gakuen University,5.11,M,315,"$29,881.74 "
487,Denney,682,282,5.9,103,Solapur University,7.34,M,296,"$52,601.76 "
488,Carol-jean,380,333,6.5,70,Espam Formation University,5.06,F,295,"$51,802.38 "
489,Barbee,617,272,6.3,71,STMIK AMIKOM Yogyakarta,6.97,F,326,"$31,865.33 "
490,Tobias,357,287,7.9,109,Technical University of Mombasa,5.67,M,293,"$69,736.58 "
491,Martino,632,290,6.9,78,Eastern Mennonite University,9.65,M,304,"$46,706.42 "
492,Ollie,583,296,7,70,Instituto Superior de Gestão - ISG,4.93,F,327,"$33,869.62 "
493,Korey,116,279,7.8,65,Al-Bukhari International University,5.5,M,331,"$58,613.25 "
494,Trefor,658,275,3.4,69,Northwest Polytechnical University Xi'an,9.46,M,292,"$61,052.63 "
495,Melony,396,338,7,76,Kure University,8,F,316,"$64,600.13 "
496,Raimund,389,307,5.1,73,Meiji College of Pharmacy,5.22,M,297,"$39,936.45 "
497,Crista,49,264,6.8,87,University of Limerick,5.43,F,307,"$67,794.22 "
498,Berni,122,295,6.8,117,Chittagong University of Engineering and Technology,8.12,F,311,"$57,202.07 "
499,Vanya,529,317,8.5,104,Sultan Idris Shah Polytechnic,5.36,M,305,"$49,843.79 "
500,Any,237,285,5.3,94,Southwestern University,7.68,M,327,"$42,506.81 "
501,Dominick,285,306,4.5,105,University for Peace,4,M,292,"$31,623.15 "
502,Myranda,594,280,4.2,87,Aichi Gakusen University,9.46,F,301,"$29,500.26 "
503,Ileane,436,308,4.1,94,Kyushu Women's University,4.79,F,348,"$59,341.02 "
504,Herman,238,292,4.2,114,American Military University,4.96,M,315,"$65,628.94 "
505,Violette,664,339,5.6,92,Our Lady of Fatima University,9.84,F,312,"$41,166.03 "
506,Nick,173,339,7.9,101,Universidad Santo Tomás,9.73,M,336,"$54,604.08 "
507,Jacquelyn,384,296,6.7,99,St. Joseph College of Nursing,5.25,F,286,"$65,492.10 "
508,Peyton,561,260,5.7,67,St. Mary's College of Maryland,4.07,M,289,"$45,529.43 "
509,Zola,238,261,5.5,113,Royal Roads University,9.27,F,291,"$68,453.71 "
510,Leonore,449,319,3.1,89,Ecole des Hautes Etudes en Gestion Informatique et Communication,6.32,F,309,"$40,291.26 "
511,Kellie,252,322,6.3,80,University of Saint La Salle,7.23,F,290,"$64,923.02 "
512,Nicolai,687,294,4,64,Tokyo University of Art and Design,7.18,M,329,"$34,530.72 "
513,Birdie,133,291,7,97,College of Education Ikere,7.43,F,300,"$69,556.62 "
514,Lucian,293,295,7.2,60,Ballsbridge University ,8.54,M,279,"$28,083.92 "
515,Torey,684,311,3.8,111,Long Island University,6.81,M,307,"$50,342.33 "
516,Leann,163,271,6.2,72,Universidad Nacional de General Sarmiento,7.58,F,311,"$43,455.73 "
517,Fairfax,374,285,3.9,60,"Rutgers, The State University of New Jersey",5.73,M,304,"$32,397.43 "
518,Charlot,588,316,3.7,70,Ohio University - Southern,9.82,F,296,"$47,305.16 "
519,Garrett,226,320,5.5,100,European Regional Educational Academy of Armenia,9.67,M,333,"$39,994.77 "
520,Brooks,159,334,5.5,65,Polytechnic Institute of Milan,5.79,F,285,"$62,158.03 "
521,Aliza,236,290,7.6,104,Universidad Nacional Experimental de la Fuerza Armada,6.74,F,307,"$60,278.82 "
522,Dillie,360,336,4.1,71,Université de Montréal,8.44,M,311,"$52,300.20 "
523,Goldie,209,261,9,64,Salem State College,8.05,F,312,"$60,150.67 "
524,Brent,189,323,3,111,Beijing New Asia University,5.23,M,261,"$36,063.18 "
525,Fiorenze,278,309,3.5,67,Dowling College,6.14,F,302,"$65,857.87 "
526,Lonnie,572,307,7,118,Karnatak University,6.88,F,314,"$28,441.86 "
527,Coralie,661,276,6.3,72,Himeji Institute of Technology,4.25,F,283,"$30,088.07 "
528,Sherilyn,86,312,3.1,116,Universidad Católica de Colombia,6.05,F,310,"$64,213.40 "
529,Vaclav,123,295,3.4,74,Gardner Webb University,4.4,M,307,"$37,319.08 "
530,Lilllie,374,336,5.3,68,Shahid Bahonar University of Kerman,7.43,F,279,"$44,965.58 "
531,Danice,71,336,4.4,69,Saskatchewan Indian Federated College,8.06,F,302,"$42,199.42 "
532,Kristian,61,312,5.9,102,Perm State Academy of Agriculture,9.16,M,311,"$46,518.16 "
533,Jeri,475,266,5.2,85,Galatasaray University,6.6,F,304,"$41,801.06 "
534,Arliene,348,299,7,87,Kochi Women's University,5.11,F,298,"$55,608.45 "
535,Norean,527,288,3.2,93,"Université du Sud, Toulon et Var",8.36,F,295,"$50,227.61 "
536,Raychel,569,335,8.1,115,Barber-Scotia College,6.17,F,320,"$55,149.26 "
537,Guss,328,279,7.7,95,University of Science and Culture,6.85,M,293,"$26,750.41 "
538,Gardener,401,293,7.5,87,Yasuda Women's University,4.72,M,288,"$64,746.96 "
539,Purcell,377,329,7.3,85,Texila American University,5.3,M,314,"$44,116.66 "
540,Powell,534,268,7.6,97,Hijiyama University,8.2,M,282,"$45,677.91 "
541,Florencia,47,308,7.2,106,Kobe International University,4.14,F,297,"$42,872.54 "
542,Haroun,566,273,4.8,92,Western Michigan University,5.98,M,273,"$60,972.08 "
543,Lewie,266,272,6.7,115,University of Central Punjab,7.88,M,295,"$46,916.53 "
544,Ray,678,324,8.3,78,Universidad Nacional de Ingenieria,8.51,F,313,"$66,528.25 "
545,Scotty,569,329,5.6,99,Ege University,6.9,M,292,"$31,520.60 "
546,Wallie,214,336,4,112,University of Management & Technology,6.05,M,272,"$52,303.15 "
547,Bordie,25,319,6.8,91,Siberian State University of Telecommunications and Informatics,6.44,M,317,"$57,458.12 "
548,Martelle,49,315,5,115,Oman College Of Management & Technology,4.38,F,316,"$45,437.90 "
549,Jessee,132,268,5,71,Tabriz Islamic Art University,8.5,M,283,"$41,091.50 "
550,Ashley,594,284,3.8,61,Tokyo Medical College,7.17,F,304,"$61,737.10 "
551,Lanni,486,262,3.9,60,Copperbelt University,6.65,F,320,"$45,111.23 "
552,Ethelbert,68,271,3.6,115,Windsor University School of Medicine,5.06,M,312,"$34,521.99 "
553,Thor,451,310,7.2,91,Wako University,7.57,M,282,"$36,293.42 "
554,Cornela,401,278,7.8,78,Cubidor University Switzerland,9.69,F,301,"$58,055.37 "
555,Kim,444,337,3.5,110,Gandhigram Rural Institute,4.76,F,313,"$54,909.11 "
556,Tamas,30,275,6.8,85,Université de Yaoundé I,4.9,M,326,"$27,065.19 "
557,Sybilla,639,277,3.8,94,Dakota Wesleyan University,5.74,F,280,"$31,155.82 "
558,Lorie,591,310,7.9,65,Seberang Perai Polytechnic,9.39,F,293,"$54,964.63 "
559,Celestine,231,299,3.3,69,Georgetown College,7.65,F,324,"$55,555.14 "
560,Gray,257,292,7.6,114,Universidad del Valle de Atemajac,5.71,M,293,"$64,800.89 "
561,Mohandis,594,274,8.7,87,National University,8.94,M,320,"$67,378.74 "
562,Duke,397,303,8.1,94,Athlone Institute of Technology,6.98,M,267,"$44,993.13 "
563,Cortney,488,319,7.8,120,Central Methodist College,9.17,F,288,"$32,453.30 "
564,Sherwynd,678,261,8.7,70,Molloy College,7.29,M,325,"$36,438.39 "
565,Stanly,67,276,8.1,114,Université d'Antsiranana,7.88,M,273,"$28,944.00 "
566,Russ,513,327,7.9,95,American University in Bulgaria,9.99,M,274,"$35,265.03 "
567,Rey,564,336,8.1,115,"University of Perpetual Help, System Dalta",7.42,F,312,"$55,934.41 "
568,Douglass,661,301,6.5,96,Southeast University,5.72,M,305,"$33,864.87 "
569,Grover,237,306,3.4,89,"University of Virginia, College at Wise",4.14,M,307,"$57,628.14 "
570,Caterina,76,297,5.7,90,South Carelian Polytechnic,7.85,F,307,"$54,942.36 "
571,Dionne,39,335,5.7,84,University of Crete,5.28,F,325,"$25,122.78 "
572,Elianora,268,320,6.8,116,Nara University of Commerce,7.95,F,319,"$62,742.90 "
573,Andris,626,271,4.1,85,Ho Chi Minh City University of Natural Sciences,7.44,M,337,"$54,689.93 "
574,Nancy,122,298,8.2,105,Agricultural University of Poznan,5.64,F,303,"$41,417.49 "
575,Elfreda,439,303,3.1,118,Shandong Agricultural University,6.45,F,299,"$28,547.12 "
576,Gabby,469,275,7.6,68,Le Moyne-Owen College,9.42,M,312,"$65,422.63 "
577,Marion,246,298,4,84,Meredith College,5.59,M,304,"$66,673.18 "
578,Allegra,620,279,7.1,115,Yamanashi Gakuin University,8.51,F,302,"$64,658.66 "
579,Lonny,475,287,3.4,98,Michigan School of Professional Psychology,6.58,M,292,"$62,345.14 "
580,Jayme,123,287,4.9,60,Coleman College,8.75,M,302,"$54,373.10 "
581,Alfie,146,264,5.9,110,Lakshmibai National Institute of Physical Education,5.21,M,311,"$25,204.55 "
582,Arda,135,269,7.6,118,Kalamazoo College,4.82,F,324,"$45,473.67 "
583,Clarance,690,266,7.8,106,Universidad Nacional de Quilmes,4.61,M,314,"$58,869.13 "
584,Frayda,248,339,3,109,Eötvös Lorand University,6.43,F,276,"$35,807.64 "
585,Nonie,98,313,6.8,103,Hochschule Albstadt-Sigmaringen,4,F,282,"$44,395.31 "
586,Conn,541,262,5.7,62,Brandman University,5.34,M,289,"$67,376.91 "
587,Kellen,591,269,5,98,Dongbei University of Finance And Economics,8.84,M,310,"$27,384.95 "
588,Bonni,647,273,8.7,98,Wuhan University of Technology,5.61,F,322,"$34,065.86 "
589,Colette,358,268,5.5,71,Universidad para la Cooperación Internacional,7.18,F,285,"$27,616.79 "
590,Fraser,224,260,4.8,90,Adrian College,5.17,M,283,"$27,404.86 "
591,Nerty,139,276,5.2,117,Petroleum University of Technology,8.98,F,304,"$41,788.40 "
592,Eric,136,281,4.1,95,Adams State College,7.59,M,298,"$65,206.94 "
593,Fern,139,261,4.5,82,Inner Mongolia Polytechnic University,7.59,F,277,"$53,026.09 "
594,Corri,69,292,7.2,115,Bicol University,5.28,F,290,"$28,693.53 "
595,Yuma,562,265,5.7,95,Hashemite University,4.69,M,298,"$26,542.56 "
596,Sarah,348,278,4.3,63,Universidad San Francisco Xavier de Chuquisaca,7.12,F,283,"$38,299.25 "
597,Silvia,477,315,8.4,119,Xi'an Highway University,5.25,F,294,"$25,127.68 "
598,Vanya,182,291,5.8,63,Ningbo University of Technology,4.71,F,303,"$59,391.09 "
599,Millisent,465,264,6.3,108,Fachhochschule Kaiserslautern,9.1,F,281,"$42,211.28 "
600,Silvana,628,302,7.6,119,University of Turin,8.86,F,304,"$43,614.76 "
601,Ignacius,407,261,3.3,71,Universität Linz,6.65,M,286,"$61,925.06 "
602,Kassandra,281,266,4.8,83,Namik Kemal University,7.94,F,304,"$60,617.86 "
603,Janie,409,330,3.5,95,Tokyo Metropolitan University of Health Sciences,5.65,F,276,"$63,800.01 "
604,Nealon,194,298,7.9,71,Université Rennes I,7.17,M,315,"$30,312.86 "
605,Addison,122,302,8.3,90,Bethany College West Virginia,9.63,M,318,"$46,811.07 "
606,Dewie,314,299,8.2,101,Zawiya Academy,9.33,M,281,"$32,640.70 "
607,Cornie,331,292,6.2,102,Periyar University,6.26,F,316,"$46,513.55 "
608,Robin,336,328,3.4,108,"University of the East, Manila",7.11,F,305,"$31,515.38 "
609,Tripp,105,323,8,107,Sunway University College,6.29,M,276,"$51,314.53 "
610,Miran,269,329,7,110,Minia University,4.43,F,299,"$61,806.08 "
611,Mallory,328,273,4.8,120,Tokyo International University,8.55,M,313,"$62,371.57 "
612,Ogdon,490,287,5.4,96,Gollis University,9.57,M,306,"$51,100.34 "
613,Lindon,179,285,4.5,119,Universidade Eduardo Mondlane,9.4,M,270,"$48,662.59 "
614,Odelle,420,305,5.2,70,"Islamic Azad University, Tehran Medical",7.03,F,257,"$46,527.64 "
615,Nicola,395,321,7,113,East Ukrainian National University,7.58,M,316,"$34,431.98 "
616,Annelise,315,340,7.3,64,National Institute of Technology Kurukshetra,6.93,F,316,"$55,109.89 "
617,Jana,616,322,8,109,Vongchavalitkul University,8.66,F,322,"$51,854.53 "
618,Giustina,687,295,6.7,86,Jodhpur National University,4.51,F,317,"$62,388.81 "
619,Tait,230,304,3.6,107,Elmhurst College,7.24,M,284,"$61,390.79 "
620,Jorge,407,265,7,114,Institut National Polytechnique de Grenoble,8.49,M,307,"$49,536.41 "
621,Janet,153,276,8.4,113,Fontbonne College,6.93,F,314,"$28,365.19 "
622,Tracee,500,340,5.3,60,Odessa National Polytechnic University,8.46,F,332,"$36,274.57 "
623,Jacky,309,331,3.3,111,Universidad de Los Andes,4.83,F,323,"$60,131.50 "
624,Tildie,297,290,8.6,118,Instituts Supérieurs des Etudes Technologiques,6.99,F,265,"$51,631.54 "
625,Ibrahim,100,338,5.9,91,Vitebsk State University,6.25,M,303,"$61,028.83 "
626,Ruthie,79,328,4.4,68,Universidade Estácio de Sá,7,F,319,"$35,382.50 "
627,Orin,152,326,4.5,113,Brigham Young University,8.77,M,271,"$33,849.61 "
628,Andrej,277,277,8.9,90,Maejo University,8.05,M,286,"$59,299.23 "
629,Rhys,647,276,6.2,115,Jiwaji University,8.71,M,284,"$42,728.83 "
630,Stephie,372,276,7.7,96,Harran University,4.52,F,293,"$51,863.60 "
631,Dale,146,277,7.6,80,"University of the East, Ramon Magsaysay Memorial Medical Center",5.2,F,326,"$58,026.86 "
632,Gypsy,476,293,3.2,90,Rust College,8.04,F,276,"$44,158.14 "
633,Emmott,339,306,6.7,116,Niigata University,4.03,M,318,"$62,938.28 "
634,Arnaldo,351,290,6.8,74,University of Tuzla,4.14,M,313,"$69,105.60 "
635,Hermie,184,303,4.2,67,Smolny University,4.96,M,325,"$42,589.86 "
636,Christabella,670,263,7.7,106,St. Petersburg State University of Culture and Arts,6.17,F,306,"$28,961.92 "
637,Llywellyn,169,332,8.5,99,Mukogawa Women's University,8.3,M,303,"$36,639.39 "
638,Annabal,76,284,4.8,106,Federal University of Petroleum Resources,6.58,F,301,"$27,651.35 "
639,Eugenie,388,270,8.2,109,Persian Gulf University,9.03,F,325,"$66,447.52 "
640,Lemmie,239,266,4,80,Kent State University - Tuscarawas,8.18,M,288,"$65,388.90 "
641,Mitchell,228,278,6.3,84,Wilfrid Laurier University,5.87,M,275,"$30,100.91 "
642,Lily,510,296,6,94,Universidad San Sebastian,4.65,F,344,"$33,716.34 "
643,Vivianna,673,293,3.9,106,Ecole Supérieure de Commerce de Sophia Antipolis,6,F,327,"$54,872.31 "
644,Sunny,584,277,7.8,115,Daemen College,4.32,F,308,"$61,188.67 "
645,Chandler,54,320,7.3,74,Amber University,7.59,M,305,"$29,378.19 "
646,Tyson,404,290,8.4,108,Lakshmibai National Institute of Physical Education,4.47,M,295,"$54,615.64 "
647,Cello,237,307,8,77,"Islamic Azad University, Ahar",4.59,M,262,"$39,054.55 "
648,Israel,256,313,5.2,81,University of the Philippines Visayas,5.34,M,303,"$34,058.01 "
649,Christye,43,261,5.4,111,South Asian University,4.92,F,300,"$48,314.23 "
650,Trudi,410,281,5.1,110,Beijing University of Aeronautics and Astronautics,5.83,F,331,"$50,836.18 "
651,Tybi,684,305,5.1,90,Technical University of Rzeszow,4.24,F,315,"$35,736.85 "
652,Hugibert,300,306,4.4,67,Universitas Khairun,4.65,M,314,"$59,615.99 "
653,Nestor,608,336,3.6,92,Mohi-ud-Din Islamic University,4.04,M,309,"$25,312.76 "
654,Goldy,368,302,4.4,64,ITT Technical Institute West Covina,9.2,F,310,"$36,092.84 "
655,Barry,124,289,8.1,66,Ecole Supérieure de Commerce de Sophia Antipolis,6.91,F,322,"$57,479.71 "
656,Ignaz,617,314,7.2,110,Columbia Commonwealth University,4.63,M,298,"$65,249.86 "
657,Violante,312,320,8.1,92,"Federal College Of Education (Technical), Akoka",9.65,F,288,"$33,802.78 "
658,Betsy,406,322,3.8,112,Svey Reong University,9.52,F,301,"$69,317.20 "
659,Sharline,79,283,7.6,104,Herat University,6.36,F,306,"$59,068.82 "
660,Reinaldo,394,285,3.6,79,Institut Supérieure d'Electronique du Nord,9.47,M,278,"$31,877.04 "
661,Glenden,563,284,6.8,63,Linton University College,8.72,M,304,"$27,173.13 "
662,Merill,688,299,4.2,72,Uganda Martyr's University,9.41,M,316,"$63,805.48 "
663,Tim,224,263,3.8,70,Kushiro Public University of Economics,5.69,M,310,"$25,735.63 "
664,Vivie,241,331,6.7,77,Canisius College,5.47,F,279,"$37,573.86 "
665,Rickie,476,301,4.3,101,University of Wolverhampton,6.75,M,319,"$42,719.45 "
666,Gaye,539,292,4.5,99,Moscow State Institute of Steel and Alloys,4.76,F,287,"$42,916.60 "
667,Isa,317,339,8.8,74,Masinde Muliro University of Science and Technology,7.11,M,312,"$44,777.19 "
668,Martin,623,334,3.6,85,Gettysburg College,9.38,M,259,"$53,706.25 "
669,Tiffani,118,287,3.3,97,Universidade Veiga de Almeida,8.29,F,282,"$49,048.29 "
670,Reggi,348,316,6.2,120,Universität Rostock,9.24,F,291,"$63,984.73 "
671,Di,100,268,8.1,91,Universiti Utara Malaysia,9.74,F,300,"$56,414.62 "
672,Zsazsa,127,273,3.4,102,Centro de Estudios Universitarios Monterrey,6.7,F,327,"$50,323.72 "
673,Bettye,83,300,5.3,60,Vitebsk State University,5.73,F,293,"$49,478.24 "
674,Wilona,37,294,8.2,90,ITT Technical Institute Maitland,6.01,F,292,"$27,724.95 "
675,Linda,94,265,6.7,67,Austin College,9.63,F,318,"$65,660.24 "
676,Kimmi,700,288,6,89,Bells University of Technology,5.47,F,315,"$45,112.93 "
677,Matteo,572,297,8,117,Siberian State University of Telecommunications and Informatics,5.11,M,298,"$54,607.37 "
678,Brett,254,330,7.3,99,Ecole Supérieure d'Electronique de l'Ouest,4.69,F,313,"$69,664.35 "
679,Cherida,286,322,6,116,Ludong University,9.35,F,297,"$50,599.39 "
680,Keelia,680,329,3.1,77,"Islamic Azad University, Boukan",8.38,F,305,"$45,315.16 "
681,Michele,12,286,8.8,109,Jinnah University for Women,7.95,F,285,"$44,228.30 "
682,Angil,419,297,7.7,116,"Concordia University, Austin",8.51,F,312,"$61,166.23 "
683,Christiano,153,319,8.8,105,Okayama Shoka University,6.86,M,305,"$52,634.49 "
684,Ariadne,490,286,5.5,67,Universidad Mexicana del Noreste,9.5,F,295,"$30,540.08 "
685,Gayle,211,296,3,63,"Johnson & Wales University, Charleston",4.1,F,311,"$62,170.05 "
686,Zola,557,280,6.9,72,Ecole Nationale d'Administration,9.06,F,291,"$25,373.68 "
687,Tedra,347,264,7.1,88,National Mining University,4.87,F,304,"$63,104.62 "
688,Ashlin,599,274,8.4,60,Robert Morris College,4.8,M,321,"$48,221.83 "
689,Abbe,437,301,4.2,65,Aarhus School of Architecture,9.25,F,290,"$60,920.93 "
690,Bunny,114,295,5.6,86,European University Institute,5.89,F,278,"$53,771.21 "
691,Alexis,197,282,8.7,70,National University of Science and Technology Bulawayo,5.36,M,319,"$66,309.00 "
692,Thorvald,34,326,4.6,112,Universidade Salgado de Oliveira,6.05,M,289,"$51,440.60 "
693,Fern,174,274,7.1,79,Urmia University of Technology,7.05,F,290,"$56,945.30 "
694,Laryssa,688,334,3.1,107,"National Institute of Technology, Calicut",9.3,F,330,"$27,405.13 "
695,Nertie,448,302,8.5,98,Godfrey Okoye University,8.41,F,301,"$45,995.64 "
696,Cristi,503,315,6.6,70,Toyo University,6.13,F,300,"$38,988.68 "
697,Freddy,346,288,3.4,99,Yildiz Technical University,5.82,F,296,"$27,206.84 "
698,Maud,369,278,5.2,108,Kiriri Womens University of Science and Technology,9.34,F,307,"$42,117.48 "
699,Boyce,116,311,8.2,93,Universidad de Los Andes,7.78,M,285,"$61,808.81 "
700,Inglebert,176,332,6.4,84,University College of Gävle,5.78,M,317,"$27,508.62 "
701,Hilarius,594,333,8.8,88,University of Switzerland,7.99,M,335,"$32,133.88 "
702,Cyrille,394,269,6.1,109,Ashesi University,6.89,M,305,"$62,167.12 "
703,Federica,672,264,6.3,91,Al-Manar University,9.48,F,290,"$33,105.66 "
704,Ailina,205,282,3.5,103,Universitas Merdeka Madiun,8.25,F,284,"$61,026.33 "
705,Michail,670,278,5.7,113,Blue Nile University,7.42,M,320,"$41,322.09 "
706,Arin,396,319,6.4,92,Ecole Nationale de l'Aviation Civile,5.65,M,331,"$34,821.60 "
707,Oralla,307,300,9,80,Higher Institute of Business Administration,6.87,F,256,"$34,990.30 "
708,Gilberta,448,280,4.2,108,Medical Academy in Lodz,7.55,F,268,"$37,507.53 "
709,Reade,138,271,7.5,89,University of Bergamo,5.88,M,310,"$48,894.76 "
710,Jose,528,269,7.2,71,Technical University of Czestochowa,5.58,M,295,"$59,649.03 "
711,Margit,166,280,4.7,74,Leon Kozminski Academy of Entrepreneurship and Mangement,9.61,F,299,"$56,650.81 "
712,Montague,227,266,8.2,75,Maseno University,7.09,M,298,"$44,311.66 "
713,Yuri,192,276,3.4,116,Universität Mannheim,7.59,M,298,"$40,226.69 "
714,Jesse,417,288,8.9,69,Trent University,8.99,F,277,"$28,821.77 "
715,Berky,447,322,6.6,115,Universidad de Atacama,8.38,M,297,"$53,892.73 "
716,Bernita,315,285,6.8,69,Instituto Politécnico de Lisboa,4.83,F,276,"$29,643.79 "
717,Kale,213,297,8.1,77,Kangnam University,9.64,M,300,"$59,442.98 "
718,Sisile,350,331,3.4,73,University of Berne,5.36,F,324,"$53,810.01 "
719,Corbet,32,300,7.4,103,Adams State College,9.15,M,293,"$29,257.40 "
720,Casandra,57,332,7.8,103,Emmanuel College,9.67,F,296,"$48,202.96 "
721,Auberta,490,337,4.5,69,Mu' tah University,7.27,F,290,"$56,669.47 "
722,Berta,214,307,4.5,115,Mount Senario College,4.01,F,285,"$33,289.45 "
723,Issi,543,318,7.9,95,Covenant College,7.28,F,302,"$60,476.66 "
724,Wilton,409,286,3.7,72,Dowling College,8.19,M,302,"$43,367.80 "
725,Ross,632,298,8.8,99,Baylor College of Medicine,5.13,M,300,"$61,523.31 "
726,Creight,52,328,6.8,62,Universidad España de Durango,6.67,M,311,"$65,679.20 "
727,Alden,525,303,4.2,90,Central Ostrobothnia University of Applied Sciences,7.72,M,263,"$34,038.84 "
728,Ruby,567,296,8.8,63,Kigali Independent University,4.83,F,330,"$31,302.61 "
729,Ely,322,329,3.8,115,University of Science and Technology,5.15,M,296,"$45,983.96 "
730,Teresa,692,288,5.9,92,International University of Japan,6.29,F,279,"$59,500.95 "
731,Steven,81,304,5.6,78,Institut National Polytechnique de Toulouse,8.08,M,355,"$41,785.74 "
732,Welch,31,303,6.2,84,Kiriri Womens University of Science and Technology,5.28,M,282,"$28,403.31 "
733,Martin,59,313,6.9,91,St. Clair College,8.23,M,293,"$34,453.01 "
734,Conchita,555,300,3.6,104,Faculdades Integradas UPIS,5.03,F,317,"$42,989.64 "
735,Patton,416,286,7.9,85,Kyrgyz Russian Slavic University,4.43,M,291,"$29,668.33 "
736,Lizette,141,321,7.9,64,Carroll College Helena,9.02,F,295,"$39,607.04 "
737,Axe,14,261,8,110,Universitas Pancasakti Tegal,9.87,M,312,"$69,248.16 "
738,Celestia,504,280,7.3,67,Universidad Católica de Córdoba,6.96,F,290,"$66,840.07 "
739,Ertha,623,322,4,92,EPF Ecole d'Ingénieurs,8.68,F,324,"$39,346.70 "
740,Ariadne,582,299,6.1,105,Universitas Terbuka Indonesia,7.17,F,300,"$53,039.18 "
741,Costanza,555,287,6.3,120,Northland College,9.25,F,308,"$45,667.39 "
742,Quincy,572,291,6,96,Universidad Técnica Estatal de Quevedo,6.11,M,304,"$48,920.12 "
743,Sean,467,270,3.7,83,Damietta University,4.56,M,287,"$51,389.92 "
744,Carolan,77,297,6.1,110,Katholische Hochschule für Soziale Arbeit Saarbrücken,5.45,F,332,"$52,907.38 "
745,Nora,464,279,6,86,International Tourism Institute,4.31,F,320,"$51,171.09 "
746,Elliott,336,315,8.8,116,Université de Djibouti,6.81,M,276,"$32,390.37 "
747,Anna,625,289,6.5,91,Centre d'Etudes Supérieures des Techniques Industrielles,8.92,F,304,"$33,969.65 "
748,Micheil,70,330,5,80,Libya Open University,9.3,M,300,"$64,843.52 "
749,Syd,81,274,5.1,106,Technical University of Mining and Metallurgy Ostrava,6.16,M,306,"$38,292.76 "
750,Jacenta,453,320,8.2,72,Svey Reong University,8.75,F,311,"$60,530.39 "
751,Karney,52,312,6.9,79,Universidade do Oeste de Santa Catarina,7.44,M,294,"$46,971.48 "
752,Cale,478,262,6.7,106,Universitas Pasundan,6.34,M,303,"$62,901.46 "
753,Israel,634,317,7.6,105,"Donghua University, Shanghai",8.56,M,332,"$47,453.34 "
754,Ingemar,601,264,7,109,University of Minnesota - Morris,9.43,M,290,"$39,879.57 "
755,Roderic,334,281,6.9,72,Oakwood College,9.21,M,301,"$34,840.60 "
756,Timi,355,335,5.1,108,Ecole Supérieure des Techniques Industrielles et des Textiles,9.53,F,313,"$39,168.23 "
757,Ronica,140,334,6.9,66,Université de Batna,7.01,F,284,"$27,299.89 "
758,Dominique,230,302,4.6,82,St Clements University - Higher Education School,4.8,F,297,"$66,503.74 "
759,Joyan,239,297,3.3,67,"Goldsmiths College, University of London",9.86,F,274,"$61,762.58 "
760,Jasmin,232,315,5.3,93,Universidad Nacional Daniel Alcides Carrion,4.72,F,279,"$56,412.66 "
761,Alexandr,586,308,4.6,90,University of Worcester,9.01,M,330,"$57,696.49 "
762,Any,17,283,5.2,96,Altai State University,4.01,M,290,"$45,681.80 "
763,Thurstan,64,336,7.1,118,St. John Fisher College,9.76,M,289,"$55,481.53 "
764,Dermot,338,312,8.6,68,International University of Novi Pazar,9.62,M,303,"$49,195.24 "
765,Odelia,440,302,4.6,118,Calvin College,9.07,F,333,"$68,817.44 "
766,Carleen,550,327,4.5,73,Trevecca Nazarene University,5.9,F,267,"$42,752.71 "
767,Reginauld,161,329,5.5,77,"Universidad Argentina ""John F. Kennedy""",9.28,M,292,"$38,796.63 "
768,Baryram,479,273,6.5,83,Corporación Universitaria de Santander (UDES),7.21,M,314,"$50,175.75 "
769,Koren,555,325,3.4,62,National Technical University (Kharkiv Polytechnical Institute),6.12,F,313,"$47,270.88 "
770,Vida,665,261,4.9,98,Fachhochschule Bonn-Rhein-Sieg,7.28,F,312,"$32,522.69 "
771,Ramon,24,290,3.1,62,Universidad Central,9.34,M,263,"$53,251.02 "
772,Starr,62,282,5.7,82,University of Rijeka,4.89,F,285,"$51,433.80 "
773,Zared,260,275,5.8,80,Shandong University of Science and Technology,7.02,M,291,"$50,097.44 "
774,Gui,288,324,6.8,104,Kwara State University ,7.83,F,338,"$27,390.11 "
775,Zoe,403,332,4.2,90,Academia Nacional Superior de Orquesta,5.02,F,313,"$34,424.75 "
776,Kelcie,27,268,4.2,108,Tilak Maharashtra Vidyapeeth,5.08,F,295,"$40,967.10 "
777,Annalee,349,340,4.1,114,Facultés Universitaires Notre-Dame de la Paix,9.41,F,272,"$59,109.80 "
778,Bail,566,282,8.1,97,Richmond University - The American International University in London,8.89,M,278,"$64,186.43 "
779,Armand,698,296,6.4,115,Johns Hopkins University,6.15,M,308,"$34,963.59 "
780,Lotta,470,279,8.2,102,Moshi University College of Cooperative and Business Studies,7.92,F,315,"$32,837.80 "
781,Nyssa,40,316,4.3,120,Chang Jung University,7.97,F,305,"$56,124.66 "
782,Dorolice,159,300,6.2,79,Chadron State College,9.54,F,337,"$42,549.89 "
783,Aurie,244,319,9,112,Presbyterian University College,8.53,F,293,"$45,257.31 "
784,Travers,144,317,3.1,94,Atish Dipankar University,8.99,M,318,"$29,632.35 "
785,Dalton,170,338,6.6,94,University of East Asia,7.63,M,296,"$61,998.57 "
786,Carlyle,679,309,8.3,87,University of West Los Angeles,4.21,M,310,"$36,950.80 "
787,Nolana,559,293,4,93,Biju Pattnaik University of Technology,4.61,F,324,"$38,925.34 "
788,Cyrillus,580,307,7.5,75,Universitas Putera Batam,4.44,M,289,"$36,786.95 "
789,Dorri,644,288,5.6,68,Aichi Gakusen University,9.04,F,292,"$46,780.58 "
790,Stacee,615,286,6.6,90,"Technische Fachhochschule Georg Agricola für Rohstoff, Energie und, Umwelt zu Bochum",4.28,F,302,"$63,345.18 "
791,Gilberto,474,290,8.2,90,Galillee College,6.2,M,304,"$44,463.61 "
792,Worden,569,260,7.8,114,"Benedictine University, Springfield College in Illinois",8.18,M,317,"$29,633.08 "
793,Wendi,363,284,8.2,64,Poltava National Technical University,5.31,F,269,"$29,448.82 "
794,Ninon,597,314,4.9,73,"Music Academy ""Felix Nowowiejski"" in Bydgoszcz",9.66,F,284,"$32,137.07 "
795,Nelly,318,290,4.2,69,Aga Khan University,4.37,F,308,"$61,904.01 "
796,Maryann,380,280,8.7,74,Franciscan University of Steubenville,4.26,F,289,"$41,979.52 "
797,Keeley,385,293,3.8,91,SRH University of Applied Sciences,8.45,F,286,"$66,435.62 "
798,Lucille,512,323,5,88,Mokpo National University,5.38,F,320,"$42,124.67 "
799,Lionello,594,292,4.4,96,Gollis University,5.14,M,319,"$58,657.24 "
800,Bord,26,272,5.7,104,Tamil Nadu Dr. Ambedkar Law University,9.12,M,308,"$69,071.95 "